model,style_score,rating_q025,rating_q975,CI,avg_tokens,date
grok-3-beta,93.83,92.63,95.08,"(-1.20, +1.25)",1325.0,2025-04-21
gemma-3-27b-it,91.51,89.94,92.93,"(-1.57, +1.42)",1433.0,2025-04-21
gemini-2.5-flash-preview,89.65,88.28,91.48,"(-1.37, +1.83)",1603.0,2025-04-21
Qwen-Plus,85.93,84.19,87.89,"(-1.74, +1.96)",930.0,2025-04-21
claude-3.7-sonnet,85.77,84.16,87.62,"(-1.61, +1.85)",808.0,2025-04-21
Phi4,73.19,70.84,75.15,"(-2.35, +1.96)",640.0,2025-04-21
Mistral-8B,52.47,49.52,54.76,"(-2.95, +2.29)",696.0,2025-04-21
gpt-4-0314,50.0,50.0,50.0,"(-0.00, +0.00)",423.0,2025-04-21
cohere-command-R7B,45.54,43.38,48.22,"(-2.16, +2.68)",571.0,2025-04-21
